symbol,date,close,volume
,,CARR,CARR
CARR,2020-03-19,11.097216606140137,100
CARR,2020-03-20,11.790791511535645,2300
CARR,2020-03-23,10.671823501586914,18700
CARR,2020-03-24,10.819786071777344,96100
CARR,2020-03-25,12.438129425048828,19200
CARR,2020-03-26,14.287668228149414,76400
CARR,2020-03-27,13.455375671386719,486500
CARR,2020-03-30,14.703815460205078,210000
CARR,2020-03-31,15.952249526977539,461500
CARR,2020-04-01,13.91775894165039,2998900
CARR,2020-04-02,12.28092098236084,15966300
CARR,2020-04-03,15.647079467773438,66934300
CARR,2020-04-06,14.278419494628906,37138000
CARR,2020-04-07,14.102713584899902,23486000
CARR,2020-04-08,13.187192916870117,49372700
CARR,2020-04-09,13.668074607849121,34992600
CARR,2020-04-13,12.937505722045898,21497400
CARR,2020-04-14,12.826534271240234,22350000
CARR,2020-04-15,12.354903221130371,14990700
CARR,2020-04-16,11.920262336730957,21745200
CARR,2020-04-17,12.706315040588379,21336500
CARR,2020-04-20,13.362898826599121,20032200
CARR,2020-04-21,13.584842681884766,16235900
CARR,2020-04-22,13.67732048034668,12539500
CARR,2020-04-23,14.537353515625,12226000
CARR,2020-04-24,15.027482986450195,17390000
CARR,2020-04-27,15.536103248596191,12186100
CARR,2020-04-28,15.721055030822754,12983800
CARR,2020-04-29,16.312910079956055,12523200
CARR,2020-04-30,16.377643585205078,19094100
CARR,2020-05-01,15.508357048034668,10727200
CARR,2020-05-04,15.166193008422852,9700300
CARR,2020-05-05,14.768548011779785,16298000
CARR,2020-05-06,15.064470291137695,10647200
CARR,2020-05-07,15.175443649291992,12454100
CARR,2020-05-08,16.978742599487305,17693300
CARR,2020-05-11,16.969499588012695,9574600
CARR,2020-05-12,16.460866928100586,7743200
CARR,2020-05-13,15.203187942504883,10676300
CARR,2020-05-14,15.304912567138672,7797200
CARR,2020-05-15,15.452876091003418,7353800
CARR,2020-05-18,16.22968101501465,6135000
CARR,2020-05-19,16.43312644958496,8338100
CARR,2020-05-20,17.320907592773438,11910000
CARR,2020-05-21,17.98673439025879,9711500
CARR,2020-05-22,17.61683464050293,5937100
CARR,2020-05-26,18.042224884033203,7305400
CARR,2020-05-27,18.486116409301758,8969700
CARR,2020-05-28,18.125452041625977,8509200
CARR,2020-05-29,18.930004119873047,32990600
CARR,2020-06-01,20.178436279296875,7695700
CARR,2020-06-02,19.75304412841797,8295600
CARR,2020-06-03,20.548349380493164,9636300
CARR,2020-06-04,20.97374153137207,6651900
CARR,2020-06-05,21.787534713745117,7843600
CARR,2020-06-08,22.53660011291504,8570400
CARR,2020-06-09,21.463869094848633,6850000
CARR,2020-06-10,20.52985191345215,10262100
CARR,2020-06-11,19.475616455078125,6834800
CARR,2020-06-12,19.919504165649414,5212800
CARR,2020-06-15,20.317157745361328,7735600
CARR,2020-06-16,20.409635543823242,7287800
CARR,2020-06-17,19.660573959350586,5737700
CARR,2020-06-18,19.651323318481445,3618900
CARR,2020-06-19,19.836275100708008,14451100
CARR,2020-06-22,21.029224395751953,5995500
CARR,2020-06-23,20.705554962158203,5961200
CARR,2020-06-24,20.178436279296875,6825600
CARR,2020-06-25,19.9742431640625,6141000
CARR,2020-06-26,19.463748931884766,21346900
CARR,2020-06-29,20.531143188476562,8086000
CARR,2020-06-30,20.623958587646484,7082500
CARR,2020-07-01,20.98594856262207,9181500
CARR,2020-07-02,21.264404296875,5667400
CARR,2020-07-06,22.47102165222168,7145200
CARR,2020-07-07,22.285388946533203,4671900
CARR,2020-07-08,22.26682472229004,4692100
CARR,2020-07-09,22.19257164001465,5470300
CARR,2020-07-10,23.102176666259766,12262400
CARR,2020-07-13,22.535993576049805,8562400
CARR,2020-07-14,23.3435001373291,7218300
CARR,2020-07-15,24.550127029418945,5798700
CARR,2020-07-16,24.69863510131836,4863400
CARR,2020-07-17,24.57796859741211,3187100
CARR,2020-07-20,24.512996673583984,2442800
CARR,2020-07-21,24.661508560180664,4952700
CARR,2020-07-22,24.689353942871094,3503900
CARR,2020-07-23,25.385482788085938,6245400
CARR,2020-07-24,24.6707820892334,8293000
CARR,2020-07-27,24.364490509033203,5734900
CARR,2020-07-28,24.197420120239258,9895100
CARR,2020-07-29,25.227691650390625,12657500
CARR,2020-07-30,24.96780776977539,6742900
CARR,2020-07-31,25.283382415771484,9261300
CARR,2020-08-03,25.636083602905273,4115900
CARR,2020-08-04,25.775312423706055,4382200
CARR,2020-08-05,26.09088897705078,4177300
CARR,2020-08-06,26.239395141601562,3648700
CARR,2020-08-07,26.889110565185547,3477900
CARR,2020-08-10,27.34391975402832,3516900
CARR,2020-08-11,27.37176513671875,5113800
CARR,2020-08-12,27.650217056274414,3523800
CARR,2020-08-13,27.41817283630371,3643800
CARR,2020-08-14,27.39960479736328,5008300
CARR,2020-08-17,27.696622848510742,4588200
CARR,2020-08-18,27.34391975402832,3412900
CARR,2020-08-19,27.149002075195312,3864000
CARR,2020-08-20,26.926244735717773,3166800
CARR,2020-08-21,27.39960479736328,3112600
CARR,2020-08-24,28.197837829589844,3117300
CARR,2020-08-25,28.281373977661133,3233600
CARR,2020-08-26,28.8011474609375,3316600
CARR,2020-08-27,28.105018615722656,4144700
CARR,2020-08-28,28.123584747314453,3689900
CARR,2020-08-31,27.705907821655273,3572700
CARR,2020-09-01,28.123584747314453,2778500
CARR,2020-09-02,28.569107055664062,3445400
CARR,2020-09-03,27.223251342773438,5049400
CARR,2020-09-04,27.845134735107422,4277400
CARR,2020-09-08,27.446020126342773,4733300
CARR,2020-09-09,27.965795516967773,4782000
CARR,2020-09-10,27.04690933227539,9090300
CARR,2020-09-11,27.139724731445312,4547300
CARR,2020-09-14,27.056182861328125,4299400
CARR,2020-09-15,27.55739974975586,4052100
CARR,2020-09-16,28.077177047729492,4884300
CARR,2020-09-17,28.457727432250977,4735100
CARR,2020-09-18,28.578384399414062,8061000
CARR,2020-09-21,27.390331268310547,4516900
CARR,2020-09-22,28.086458206176758,4719700
CARR,2020-09-23,27.019058227539062,3348800
CARR,2020-09-24,27.733755111694336,4269300
CARR,2020-09-25,28.29994010925293,2845700
CARR,2020-09-28,28.531978607177734,7027600
CARR,2020-09-29,28.309221267700195,6851300
CARR,2020-09-30,28.34634780883789,5066600
CARR,2020-10-01,28.55982208251953,3730300
CARR,2020-10-02,28.986783981323242,2483100
CARR,2020-10-05,29.775733947753906,5088600
CARR,2020-10-06,29.246673583984375,2439400
CARR,2020-10-07,29.81285285949707,2209700
CARR,2020-10-08,29.65506935119629,2276400
CARR,2020-10-09,29.914953231811523,2700800
CARR,2020-10-12,30.629650115966797,3302600
CARR,2020-10-13,30.15627670288086,3534500
CARR,2020-10-14,30.174840927124023,3443600
CARR,2020-10-15,30.25837516784668,2691600
CARR,2020-10-16,30.406879425048828,3723000
CARR,2020-10-19,29.99848747253418,5529300
CARR,2020-10-20,30.84311866760254,3944800
CARR,2020-10-21,30.954504013061523,2909800
CARR,2020-10-22,31.45571517944336,3987700
CARR,2020-10-23,32.4210205078125,5072400
CARR,2020-10-26,31.288652420043945,5196800
CARR,2020-10-27,31.186548233032227,4032300
CARR,2020-10-28,30.90809440612793,6485900
CARR,2020-10-29,31.698942184448242,11949600
CARR,2020-10-30,31.066261291503906,6741100
CARR,2020-11-02,32.657264709472656,6313000
CARR,2020-11-03,34.37852096557617,6733100
CARR,2020-11-04,34.22034454345703,9039400
CARR,2020-11-05,35.541526794433594,5778100
CARR,2020-11-06,36.23933029174805,3443000
CARR,2020-11-09,36.09976577758789,7186400
CARR,2020-11-10,35.17866134643555,5588400
CARR,2020-11-11,35.4112663269043,4633000
CARR,2020-11-12,35.31822967529297,8192500
CARR,2020-11-13,35.6252555847168,5498900
CARR,2020-11-16,37.681453704833984,6135600
CARR,2020-11-17,37.55119323730469,6882700
CARR,2020-11-18,36.64869689941406,5997200
CARR,2020-11-19,36.406795501708984,8524800
CARR,2020-11-20,35.85786437988281,4338700
CARR,2020-11-23,36.07185745239258,6231700
CARR,2020-11-24,36.63009262084961,7022300
CARR,2020-11-25,35.92298889160156,4280300
CARR,2020-11-27,35.17866134643555,5923500
CARR,2020-11-30,35.420570373535156,21169200
CARR,2020-12-01,34.9832763671875,6595200
CARR,2020-12-02,34.26687240600586,5578000
CARR,2020-12-03,34.13661193847656,5411900
CARR,2020-12-04,35.07631301879883,5534700
CARR,2020-12-07,34.276161193847656,3825100
CARR,2020-12-08,34.70415496826172,4022800
CARR,2020-12-09,35.20657730102539,4134800
CARR,2020-12-10,34.92746353149414,4095700
CARR,2020-12-11,34.57389831542969,3102600
CARR,2020-12-14,34.07148361206055,6301200
CARR,2020-12-15,35.04840850830078,4832100
CARR,2020-12-16,35.355438232421875,3990600
CARR,2020-12-17,36.00672149658203,4095200
CARR,2020-12-18,36.0904541015625,9683100
CARR,2020-12-21,35.839256286621094,2835900
CARR,2020-12-22,35.49392318725586,3303800
CARR,2020-12-23,35.615257263183594,2367600
CARR,2020-12-24,35.363258361816406,1395100
CARR,2020-12-28,35.24192810058594,3209700
CARR,2020-12-29,34.69127655029297,3748700
CARR,2020-12-30,35.213932037353516,3051000
CARR,2020-12-31,35.20460510253906,2096800
CARR,2021-01-04,34.560611724853516,4584200
CARR,2021-01-05,35.40993118286133,3701500
CARR,2021-01-06,37.37922668457031,6211500
CARR,2021-01-07,38.34986877441406,7771900
CARR,2021-01-08,37.97654342651367,6964100
CARR,2021-01-11,38.7978515625,3761400
CARR,2021-01-12,38.95652770996094,4436100
CARR,2021-01-13,38.62053298950195,3948600
CARR,2021-01-14,38.07920455932617,3748900
CARR,2021-01-15,37.687217712402344,4501100
CARR,2021-01-19,37.67787551879883,3383000
CARR,2021-01-20,37.369873046875,4654700
CARR,2021-01-21,37.08989715576172,4647200
CARR,2021-01-22,36.87522888183594,2585000
CARR,2021-01-25,36.296573638916016,9176800
CARR,2021-01-26,34.83126449584961,4945100
CARR,2021-01-27,33.81395721435547,8138300
CARR,2021-01-28,35.652591705322266,8108500
CARR,2021-01-29,35.93258285522461,16346400
CARR,2021-02-01,36.081912994384766,4731700
CARR,2021-02-02,35.913909912109375,2902000
CARR,2021-02-03,35.60593032836914,2987900
CARR,2021-02-04,35.773921966552734,3439000
CARR,2021-02-05,36.53923797607422,4409600
CARR,2021-02-08,37.05255889892578,4544800
CARR,2021-02-09,34.76594161987305,12941200
CARR,2021-02-10,34.70994567871094,7926400
CARR,2021-02-11,34.719268798828125,11064800
CARR,2021-02-12,34.79392623901367,5472800
CARR,2021-02-16,34.9152717590332,4174600
CARR,2021-02-17,34.756614685058594,3844400
CARR,2021-02-18,34.20594787597656,3961800
CARR,2021-02-19,35.12993240356445,3225600
CARR,2021-02-22,34.81260681152344,3017600
CARR,2021-02-23,34.62594223022461,4340100
CARR,2021-02-24,34.952606201171875,5952400
CARR,2021-02-25,33.72995376586914,4449900
CARR,2021-02-26,34.09395217895508,5375200
CARR,2021-03-01,34.719268798828125,4156800
CARR,2021-03-02,34.663265228271484,4431900
CARR,2021-03-03,34.64460372924805,7100100
CARR,2021-03-04,33.15130615234375,6859200
CARR,2021-03-05,34.47660446166992,7047300
CARR,2021-03-08,34.5886116027832,4659800
CARR,2021-03-09,34.64460372924805,3643400
CARR,2021-03-10,36.193912506103516,6976500
CARR,2021-03-11,36.613895416259766,5156100
CARR,2021-03-12,36.94989013671875,2546200
CARR,2021-03-15,36.95922088623047,3634300
CARR,2021-03-16,35.99790954589844,5740800
CARR,2021-03-17,36.72590255737305,4066000
CARR,2021-03-18,38.265872955322266,10045200
CARR,2021-03-19,38.1818733215332,11066100
CARR,2021-03-22,38.648529052734375,10396900
CARR,2021-03-23,37.60322189331055,11248200
CARR,2021-03-24,37.46321487426758,8587400
CARR,2021-03-25,37.659217834472656,8091900
CARR,2021-03-26,38.34986877441406,5120300
CARR,2021-03-29,39.51651382446289,7698800
CARR,2021-03-30,39.53517532348633,3982200
CARR,2021-03-31,39.404510498046875,7297800
CARR,2021-04-01,39.21784210205078,4759900
CARR,2021-04-05,39.740509033203125,5731800
CARR,2021-04-06,39.955169677734375,6692600
CARR,2021-04-07,39.843162536621094,6117300
CARR,2021-04-08,39.69383239746094,5212400
CARR,2021-04-09,39.899169921875,5578100
CARR,2021-04-12,39.759178161621094,5868600
CARR,2021-04-13,40.281822204589844,7778500
CARR,2021-04-14,40.253822326660156,4651100
CARR,2021-04-15,40.68314743041992,7090900
CARR,2021-04-16,40.95380783081055,5575700
CARR,2021-04-19,40.94447708129883,10654900
CARR,2021-04-20,39.68450927734375,6545400
CARR,2021-04-21,40.1884880065918,4288100
CARR,2021-04-22,40.21649169921875,6473400
CARR,2021-04-23,41.50447082519531,6615300
CARR,2021-04-26,41.15913772583008,4019400
CARR,2021-04-27,41.961788177490234,6740600
CARR,2021-04-28,41.523136138916016,6560200
CARR,2021-04-29,41.2057991027832,9151900
CARR,2021-04-30,40.78467559814453,7279100
CARR,2021-05-03,40.67236328125,3928800
CARR,2021-05-04,40.363529205322266,9900900
CARR,2021-05-05,40.49455261230469,6946100
CARR,2021-05-06,41.32746124267578,6237900
CARR,2021-05-07,41.9638557434082,5266100
CARR,2021-05-10,42.497291564941406,5929800
CARR,2021-05-11,41.64564895629883,8457300
CARR,2021-05-12,39.708438873291016,7542300
CARR,2021-05-13,40.47583770751953,5084200
CARR,2021-05-14,40.840816497802734,4398200
CARR,2021-05-17,41.336830139160156,6998700
CARR,2021-05-18,40.85954284667969,6355800
CARR,2021-05-19,40.653648376464844,5250300
CARR,2021-05-20,41.074790954589844,4046000
CARR,2021-05-21,41.0654296875,5536500
CARR,2021-05-24,41.533355712890625,5125600
CARR,2021-05-25,41.851558685302734,7026800
CARR,2021-05-26,41.851558685302734,6345000
CARR,2021-05-27,42.40370559692383,12343700
CARR,2021-05-28,42.98393630981445,4197100
CARR,2021-06-01,43.84492111206055,6199300
CARR,2021-06-02,43.09623336791992,5729600
CARR,2021-06-03,42.796756744384766,4230800
CARR,2021-06-04,42.946502685546875,4016900
CARR,2021-06-07,43.10559844970703,2982400
CARR,2021-06-08,43.386348724365234,3174000
CARR,2021-06-09,43.227264404296875,4567000
CARR,2021-06-10,42.91842269897461,5163900
CARR,2021-06-11,43.14302444458008,4065700
CARR,2021-06-14,43.2459716796875,3427700
CARR,2021-06-15,43.545448303222656,3962900
CARR,2021-06-16,43.90106964111328,6778600
CARR,2021-06-17,43.171104431152344,6200000
CARR,2021-06-18,42.160377502441406,7343600
CARR,2021-06-21,43.51736831665039,4158800
CARR,2021-06-22,43.15239334106445,4046100
CARR,2021-06-23,43.25559616088867,3100600
CARR,2021-06-24,43.368202209472656,3007300
CARR,2021-06-25,44.1563720703125,8003600
CARR,2021-06-28,44.92577362060547,6283700
CARR,2021-06-29,45.70456314086914,9447900
CARR,2021-06-30,45.60135269165039,4915700
CARR,2021-07-01,45.74209213256836,3466300
CARR,2021-07-02,45.526283264160156,2702900
CARR,2021-07-06,45.19788360595703,4026400
CARR,2021-07-07,45.81716537475586,4355900
CARR,2021-07-08,45.08528518676758,3482300
CARR,2021-07-09,45.29170608520508,3932600
CARR,2021-07-12,46.173709869384766,7450400
CARR,2021-07-13,46.192481994628906,5600100
CARR,2021-07-14,45.97666549682617,3919800
CARR,2021-07-15,46.50211715698242,3872700
CARR,2021-07-16,46.05173110961914,3331200
CARR,2021-07-19,45.272945404052734,3722800
CARR,2021-07-20,46.82114028930664,5358600
CARR,2021-07-21,47.33720779418945,3963100
CARR,2021-07-22,47.67499542236328,6025400
CARR,2021-07-23,48.6977424621582,4494200
CARR,2021-07-26,48.3317985534668,2856100
CARR,2021-07-27,48.75403594970703,4072200
CARR,2021-07-28,48.38809585571289,5156200
CARR,2021-07-29,50.611873626708984,6166600
CARR,2021-07-30,51.841033935546875,6506800
CARR,2021-08-02,51.240535736083984,4010800
CARR,2021-08-03,53.6519660949707,4994000
CARR,2021-08-04,53.52060317993164,4619100
CARR,2021-08-05,52.84501647949219,4508600
CARR,2021-08-06,52.90132141113281,4686200
CARR,2021-08-09,52.76996612548828,2423800
CARR,2021-08-10,53.117130279541016,3763200
CARR,2021-08-11,53.37985610961914,3039200
CARR,2021-08-12,52.5260009765625,3510400
CARR,2021-08-13,52.685508728027344,2316300
CARR,2021-08-16,53.10774612426758,2081400
CARR,2021-08-17,51.747215270996094,3597000
CARR,2021-08-18,51.765968322753906,2632300
CARR,2021-08-19,51.841033935546875,4225200
CARR,2021-08-20,51.95363998413086,2621200
CARR,2021-08-23,52.43217468261719,3493300
CARR,2021-08-24,53.117130279541016,2546500
CARR,2021-08-25,54.177406311035156,3900200
CARR,2021-08-26,53.839622497558594,3601000
CARR,2021-08-27,54.721622467041016,3722600
CARR,2021-08-30,54.44951248168945,3709300
CARR,2021-08-31,54.04603958129883,4837900
CARR,2021-09-01,54.31814956665039,3007500
CARR,2021-09-02,54.34629821777344,3333300
CARR,2021-09-03,53.867767333984375,3048700
CARR,2021-09-07,52.75119400024414,4744800
CARR,2021-09-08,53.16404342651367,2650800
CARR,2021-09-09,53.2297248840332,2202000
CARR,2021-09-10,52.9482421875,2345300
CARR,2021-09-13,52.30079650878906,4235500
CARR,2021-09-14,51.587711334228516,6193900
CARR,2021-09-15,52.319576263427734,3148900
CARR,2021-09-16,51.672142028808594,6828000
CARR,2021-09-17,51.606468200683594,15945100
CARR,2021-09-20,50.49927520751953,6439800
CARR,2021-09-21,48.50069808959961,8805600
CARR,2021-09-22,49.34516906738281,7154300
CARR,2021-09-23,50.189632415771484,4273700
CARR,2021-09-24,49.84246826171875,2135700
CARR,2021-09-27,49.13874053955078,2297800
CARR,2021-09-28,48.75403594970703,5489800
CARR,2021-09-29,49.58912658691406,4735200
CARR,2021-09-30,48.566375732421875,7036700
CARR,2021-10-01,49.223182678222656,3618500
CARR,2021-10-04,49.1012077331543,3638300
CARR,2021-10-05,49.56096649169922,3524600
CARR,2021-10-06,49.363929748535156,2767500
CARR,2021-10-07,50.05827713012695,2225300
CARR,2021-10-08,48.32242202758789,3108600
CARR,2021-10-11,48.08784866333008,2566700
CARR,2021-10-12,47.19646072387695,6017700
CARR,2021-10-13,47.59992599487305,4474800
CARR,2021-10-14,49.7392463684082,5567200
CARR,2021-10-15,50.133338928222656,3602200
CARR,2021-10-18,50.6494026184082,2449600
CARR,2021-10-19,50.640010833740234,3360600
CARR,2021-10-20,50.68693161010742,3884100
CARR,2021-10-21,50.96842575073242,2397900
CARR,2021-10-22,51.287445068359375,3510600
CARR,2021-10-25,51.231143951416016,3312900
CARR,2021-10-26,50.414817810058594,2314700
CARR,2021-10-27,49.8799934387207,2673400
CARR,2021-10-28,51.17778396606445,3441300
CARR,2021-10-29,49.118247985839844,3955800
CARR,2021-11-01,49.061832427978516,2945900
CARR,2021-11-02,49.27812194824219,4231000
CARR,2021-11-03,48.87374496459961,3105700
CARR,2021-11-04,49.81416320800781,2486300
CARR,2021-11-05,49.644893646240234,2466600
CARR,2021-11-08,50.1621208190918,2144800
CARR,2021-11-09,51.5445442199707,3504300
CARR,2021-11-10,51.37527084350586,2901800
CARR,2021-11-11,51.253013610839844,2315300
CARR,2021-11-12,52.77649688720703,2842500
CARR,2021-11-15,52.38151931762695,2956800
CARR,2021-11-16,52.90815734863281,3179900
CARR,2021-11-17,52.77649688720703,2507500
CARR,2021-11-18,53.62288284301758,3626600
CARR,2021-11-19,53.74513244628906,5009400
CARR,2021-11-22,53.049217224121094,4717900
CARR,2021-11-23,51.60097122192383,5108900
CARR,2021-11-24,52.372108459472656,3618700
CARR,2021-11-26,52.08058166503906,2927600
CARR,2021-11-29,52.644832611083984,3250400
CARR,2021-11-30,50.89564514160156,10100100
CARR,2021-12-01,50.40663528442383,4355300
CARR,2021-12-02,52.212242126464844,2869100
CARR,2021-12-03,52.77649688720703,3031200
CARR,2021-12-06,52.522579193115234,3194500
CARR,2021-12-07,53.26551818847656,3700200
CARR,2021-12-08,53.077430725097656,2563200
CARR,2021-12-09,52.65425109863281,2174700
CARR,2021-12-10,52.202842712402344,2536000
CARR,2021-12-13,51.65739440917969,4287700
CARR,2021-12-14,50.359615325927734,3663500
CARR,2021-12-15,50.359615325927734,5989600
CARR,2021-12-16,50.660545349121094,3802500
CARR,2021-12-17,49.146461486816406,7534500
CARR,2021-12-20,47.87689971923828,3492000
CARR,2021-12-21,49.02421569824219,2162000
CARR,2021-12-22,49.53350067138672,2282800
CARR,2021-12-23,49.81644821166992,1938300
CARR,2021-12-27,50.48606872558594,1698700
CARR,2021-12-28,50.43891906738281,2485500
CARR,2021-12-29,50.68413162231445,3183200
CARR,2021-12-30,50.50493240356445,1426200
CARR,2021-12-31,51.15570068359375,2228900
CARR,2022-01-03,49.53350067138672,4505100
CARR,2022-01-04,50.759578704833984,5460300
CARR,2022-01-05,49.392024993896484,3484300
CARR,2022-01-06,50.45777893066406,3089800
CARR,2022-01-07,48.89217758178711,4117000
CARR,2022-01-10,49.34487533569336,3902300
CARR,2022-01-11,49.552371978759766,2715200
CARR,2022-01-12,49.986209869384766,2308300
CARR,2022-01-13,49.2317008972168,2669100
CARR,2022-01-14,48.194244384765625,3246700
CARR,2022-01-18,46.82670593261719,4107400
CARR,2022-01-19,46.015602111816406,3717300
CARR,2022-01-20,45.298828125,3871600
CARR,2022-01-21,45.08190155029297,3876000
CARR,2022-01-24,44.94987106323242,8927300
CARR,2022-01-25,44.525447845458984,4603400
CARR,2022-01-26,44.01615905761719,4684400
CARR,2022-01-27,43.46914291381836,4483600
CARR,2022-01-28,43.80867004394531,10734800
CARR,2022-01-31,44.96873092651367,8647500
CARR,2022-02-01,44.374549865722656,4645400
CARR,2022-02-02,44.808387756347656,5972800
CARR,2022-02-03,43.6106071472168,6651800
CARR,2022-02-04,43.23335647583008,6896800
CARR,2022-02-07,43.12017822265625,7355300
CARR,2022-02-08,43.440853118896484,7924900
CARR,2022-02-09,45.25166320800781,6087400
CARR,2022-02-10,44.46886444091797,5086100
CARR,2022-02-11,42.912696838378906,5862900
CARR,2022-02-14,42.24306106567383,6410400
CARR,2022-02-15,43.148475646972656,4648300
CARR,2022-02-16,43.054168701171875,4210100
CARR,2022-02-17,42.04500961303711,4202400
CARR,2022-02-18,41.57344055175781,4938700
CARR,2022-02-22,42.714637756347656,7327500
CARR,2022-02-23,41.347084045410156,4994500
CARR,2022-02-24,42.1676139831543,5037300
CARR,2022-02-25,42.65803909301758,4237800
CARR,2022-02-28,42.32794952392578,4992600
CARR,2022-03-01,41.23391342163086,6459900
CARR,2022-03-02,42.356239318847656,7515000
CARR,2022-03-03,43.27107620239258,6534900
CARR,2022-03-04,42.441123962402344,9055000
CARR,2022-03-07,41.04528045654297,7210800
CARR,2022-03-08,41.101871490478516,6755900
CARR,2022-03-09,42.054439544677734,4529000
CARR,2022-03-10,41.31879425048828,3615800
CARR,2022-03-11,40.7623405456543,3770900
CARR,2022-03-14,40.46996307373047,6058800
CARR,2022-03-15,42.62974548339844,5998100
CARR,2022-03-16,44.2142219543457,5944300
CARR,2022-03-17,44.44056701660156,3766500
CARR,2022-03-18,45.06304931640625,6620000
CARR,2022-03-21,44.78009033203125,3467800
CARR,2022-03-22,44.78953552246094,3376000
CARR,2022-03-23,43.874691009521484,2633700
CARR,2022-03-24,43.54458999633789,2676500
CARR,2022-03-25,43.7520866394043,3624000
CARR,2022-03-28,44.2236442565918,2417200
CARR,2022-03-29,45.345985412597656,3024300
CARR,2022-03-30,44.864986419677734,2737400
CARR,2022-03-31,43.26165008544922,4390200
CARR,2022-04-01,43.42198944091797,2540800
CARR,2022-04-04,42.676910400390625,4753300
CARR,2022-04-05,42.00727844238281,3144300
CARR,2022-04-06,41.38481521606445,4214100
CARR,2022-04-07,41.20561599731445,4199500
CARR,2022-04-08,40.913238525390625,3311700
CARR,2022-04-11,40.026695251464844,4399000
CARR,2022-04-12,39.40421676635742,4808300
CARR,2022-04-13,39.71546173095703,3202400
CARR,2022-04-14,38.93265151977539,2618300
CARR,2022-04-18,38.94208908081055,3323000
CARR,2022-04-19,40.08328628540039,4335700
CARR,2022-04-20,40.9792594909668,3667400
CARR,2022-04-21,40.38508605957031,3841000
CARR,2022-04-22,39.30047607421875,4065400
CARR,2022-04-25,39.57398223876953,3254000
CARR,2022-04-26,37.77259826660156,5155000
CARR,2022-04-27,37.97065734863281,4349400
CARR,2022-04-28,37.30799102783203,15034800
CARR,2022-04-29,36.22879409790039,8408100
CARR,2022-05-02,36.541194915771484,7172200
CARR,2022-05-03,36.33293533325195,9902700
CARR,2022-05-04,37.30799102783203,7947300
CARR,2022-05-05,35.93532943725586,5054100
CARR,2022-05-06,35.764930725097656,4821000
CARR,2022-05-09,36.09626388549805,6091700
CARR,2022-05-10,36.05840301513672,5792700
CARR,2022-05-11,35.58506774902344,4809700
CARR,2022-05-12,37.0145263671875,7032900
CARR,2022-05-13,38.046382904052734,5070700
CARR,2022-05-16,37.73398971557617,5684800
CARR,2022-05-17,38.036922454833984,6868800
CARR,2022-05-18,35.36732864379883,7059600
CARR,2022-05-19,35.4146614074707,4142300
CARR,2022-05-20,35.93532943725586,5539600
CARR,2022-05-23,36.22879409790039,3170200
CARR,2022-05-24,35.91639709472656,3252900
CARR,2022-05-25,36.24773406982422,3608400
CARR,2022-05-26,37.232269287109375,3907900
CARR,2022-05-27,38.084251403808594,3359700
CARR,2022-05-31,37.21332931518555,14520500
CARR,2022-06-01,36.86306381225586,2855700
CARR,2022-06-02,37.942256927490234,3231700
CARR,2022-06-03,37.478397369384766,3212600
CARR,2022-06-06,37.45945739746094,2514800
CARR,2022-06-07,37.857059478759766,2806200
CARR,2022-06-08,37.289058685302734,2830000
CARR,2022-06-09,36.777862548828125,2070500
CARR,2022-06-10,35.3484001159668,3462600
CARR,2022-06-13,34.543731689453125,4587300
CARR,2022-06-14,34.023067474365234,3892400
CARR,2022-06-15,34.808799743652344,4040300
CARR,2022-06-16,32.73561096191406,4515200
CARR,2022-06-17,32.574676513671875,10802500
CARR,2022-06-21,33.14266586303711,4685400
CARR,2022-06-22,33.066619873046875,6304800
CARR,2022-06-23,33.104644775390625,6798300
CARR,2022-06-24,34.51173400878906,15472900
CARR,2022-06-27,34.331092834472656,3897700
CARR,2022-06-28,34.21700668334961,5341300
CARR,2022-06-29,34.026859283447266,5743200
CARR,2022-06-30,33.903263092041016,6442300
CARR,2022-07-01,34.22651672363281,4214200
CARR,2022-07-05,34.29306411743164,4414400
CARR,2022-07-06,34.39765167236328,3850700
CARR,2022-07-07,34.6068115234375,3673600
CARR,2022-07-08,34.29306411743164,3346800
CARR,2022-07-11,34.73040008544922,4201200
CARR,2022-07-12,34.35011291503906,3343000
CARR,2022-07-13,33.96981430053711,2347700
CARR,2022-07-14,33.85572052001953,3508500
CARR,2022-07-15,34.22651672363281,3424000
CARR,2022-07-18,33.79867935180664,2593600
CARR,2022-07-19,35.3388786315918,2676000
CARR,2022-07-20,35.548038482666016,2579600
CARR,2022-07-21,36.38468933105469,2799800
CARR,2022-07-22,36.60335922241211,4294200
CARR,2022-07-25,36.34665298461914,4092700
CARR,2022-07-26,36.213558197021484,5430700
CARR,2022-07-27,37.59212112426758,5451500
CARR,2022-07-28,37.53507995605469,6629800
CARR,2022-07-29,38.53335189819336,4777300
CARR,2022-08-01,38.57137680053711,3997200
CARR,2022-08-02,38.41926574707031,6508800
CARR,2022-08-03,38.75202178955078,4707600
CARR,2022-08-04,39.75029754638672,5381700
CARR,2022-08-05,39.81684494018555,5573900
CARR,2022-08-08,39.873897552490234,4136400
CARR,2022-08-09,39.7027587890625,4719000
CARR,2022-08-10,40.748565673828125,3437600
CARR,2022-08-11,40.929203033447266,4107100
CARR,2022-08-12,41.80388641357422,3566700
CARR,2022-08-15,42.22221374511719,3302900
CARR,2022-08-16,42.20319366455078,2430500
CARR,2022-08-17,41.95600128173828,2406100
CARR,2022-08-18,42.11762619018555,2071500
CARR,2022-08-19,40.38729476928711,6053700
CARR,2022-08-22,39.56965255737305,5642700
CARR,2022-08-23,39.41753387451172,4899500
CARR,2022-08-24,39.60768508911133,3066400
CARR,2022-08-25,39.92143249511719,3447200
CARR,2022-08-26,38.25764083862305,2669400
CARR,2022-08-29,37.78226852416992,3837700
CARR,2022-08-30,37.37345886230469,6094000
CARR,2022-08-31,37.19281005859375,7306700
CARR,2022-09-01,37.82980728149414,7003700
CARR,2022-09-02,37.630149841308594,3601700
CARR,2022-09-06,38.31467819213867,4183600
CARR,2022-09-07,39.45556640625,3202500
CARR,2022-09-08,40.04501724243164,3962300
CARR,2022-09-09,40.092559814453125,3459300
CARR,2022-09-12,40.20664596557617,3346000
CARR,2022-09-13,38.866111755371094,3458100
CARR,2022-09-14,38.20058822631836,4451900
CARR,2022-09-15,38.40975570678711,3857700
CARR,2022-09-16,36.54630661010742,7570600
CARR,2022-09-19,36.90758514404297,3622500
CARR,2022-09-20,35.94735336303711,4278000
CARR,2022-09-21,35.66212844848633,3828500
CARR,2022-09-22,34.416656494140625,3430600
CARR,2022-09-23,34.331092834472656,3597200
CARR,2022-09-26,33.5419807434082,3284500
CARR,2022-09-27,33.79867935180664,4334600
CARR,2022-09-28,35.08218765258789,4526300
CARR,2022-09-29,33.865238189697266,4350000
CARR,2022-09-30,33.80819320678711,4559200
CARR,2022-10-03,34.99660873413086,3184500
CARR,2022-10-04,36.67942810058594,3973700
CARR,2022-10-05,36.318138122558594,2823600
CARR,2022-10-06,35.37690353393555,5592100
CARR,2022-10-07,33.58952331542969,9001800
CARR,2022-10-10,33.84621810913086,4794900
CARR,2022-10-11,33.41839599609375,5111800
CARR,2022-10-12,33.16169357299805,4065400
CARR,2022-10-13,33.13316345214844,7759200
CARR,2022-10-14,32.86695861816406,8519800
CARR,2022-10-17,33.79867935180664,8497400
CARR,2022-10-18,34.5307502746582,4229500
CARR,2022-10-19,33.171199798583984,4584800
CARR,2022-10-20,32.38208770751953,4300200
CARR,2022-10-21,33.4564208984375,4411100
CARR,2022-10-24,34.08390426635742,3761500
CARR,2022-10-25,35.45296096801758,5141700
CARR,2022-10-26,35.31034469604492,4953000
CARR,2022-10-27,36.159942626953125,7529900
CARR,2022-10-28,38.13594436645508,5534100
CARR,2022-10-31,37.95457077026367,5508200
CARR,2022-11-01,37.90684509277344,5129100
CARR,2022-11-02,37.3436279296875,5876900
CARR,2022-11-03,37.58228302001953,4270600
CARR,2022-11-04,38.45096206665039,3400600
CARR,2022-11-07,39.176448822021484,3730200
CARR,2022-11-08,39.52964401245117,3359800
CARR,2022-11-09,38.50823974609375,2803200
CARR,2022-11-10,41.505653381347656,5863500
CARR,2022-11-11,42.42206573486328,4760300
CARR,2022-11-14,41.629756927490234,3731600
CARR,2022-11-15,42.33615493774414,3127800
CARR,2022-11-16,41.86840057373047,2936200
CARR,2022-11-17,41.085636138916016,3077800
CARR,2022-11-18,41.92567443847656,4272700
CARR,2022-11-21,41.897037506103516,2477100
CARR,2022-11-22,42.04023361206055,3125500
CARR,2022-11-23,42.15477752685547,2606700
CARR,2022-11-25,42.2025146484375,986300
CARR,2022-11-28,41.34336853027344,2370700
CARR,2022-11-29,41.54383850097656,3259800
CARR,2022-11-30,42.30751419067383,8731200
CARR,2022-12-01,42.88981628417969,4361500
CARR,2022-12-02,42.65116882324219,3857000
CARR,2022-12-05,41.7729377746582,3726200
CARR,2022-12-06,41.06654739379883,2505200
CARR,2022-12-07,41.12382507324219,3973900
CARR,2022-12-08,41.49611282348633,2524200
CARR,2022-12-09,41.06654739379883,3065200
CARR,2022-12-12,41.2956428527832,3593600
CARR,2022-12-13,42.30751419067383,6015600
CARR,2022-12-14,41.811126708984375,4045000
CARR,2022-12-15,40.5319709777832,4416800
CARR,2022-12-16,39.85421371459961,5812700
CARR,2022-12-19,39.615562438964844,3217400
CARR,2022-12-20,39.49146270751953,2909300
CARR,2022-12-21,40.3592529296875,2578800
CARR,2022-12-22,39.96611022949219,2885200
CARR,2022-12-23,40.071590423583984,1875100
CARR,2022-12-27,40.14830017089844,2228900
CARR,2022-12-28,39.27571487426758,2107100
CARR,2022-12-29,40.12911605834961,1966300
CARR,2022-12-30,39.55379104614258,2248700
CARR,2023-01-03,39.898990631103516,2866100
CARR,2023-01-04,40.30171203613281,3491900
CARR,2023-01-05,39.82227325439453,3891000
CARR,2023-01-06,41.356483459472656,2726800
CARR,2023-01-09,41.71126937866211,3384900
CARR,2023-01-10,42.190711975097656,3421000
CARR,2023-01-11,43.33177185058594,5300500
CARR,2023-01-12,43.389312744140625,3275800
CARR,2023-01-13,43.98381805419922,2826900
CARR,2023-01-17,43.56190872192383,3619800
CARR,2023-01-18,41.73044967651367,5291500
CARR,2023-01-19,40.1866569519043,4846600
CARR,2023-01-20,40.819515228271484,5217500
CARR,2023-01-23,41.50031661987305,3633100
CARR,2023-01-24,41.903053283691406,4191600
CARR,2023-01-25,41.720855712890625,2911700
CARR,2023-01-26,41.8551139831543,2460100
CARR,2023-01-27,41.826332092285156,1868900
CARR,2023-01-30,41.78798294067383,2620900
CARR,2023-01-31,43.65780258178711,4687500
CARR,2023-02-01,44.24271774291992,5878800
CARR,2023-02-02,45.1920051574707,3979100
CARR,2023-02-03,44.961875915527344,3448400
CARR,2023-02-06,44.2523078918457,4829500
CARR,2023-02-07,42.564674377441406,8139800
CARR,2023-02-08,43.207122802734375,5003700
CARR,2023-02-09,43.0728759765625,3884000
CARR,2023-02-10,42.98658752441406,3360500
CARR,2023-02-13,43.571495056152344,3193000
CARR,2023-02-14,43.274253845214844,3001000
CARR,2023-02-15,43.609859466552734,2492200
CARR,2023-02-16,43.37013244628906,3865900
CARR,2023-02-17,43.36054992675781,2520900
CARR,2023-02-21,42.02770233154297,4145900
CARR,2023-02-22,41.807159423828125,4776700
CARR,2023-02-23,42.622215270996094,5376600
CARR,2023-02-24,42.43043518066406,3080500
CARR,2023-02-27,43.11124038696289,3543300
CARR,2023-02-28,43.17835235595703,8580600
CARR,2023-03-01,43.71532440185547,5315600
CARR,2023-03-02,44.19477462768555,4663000
CARR,2023-03-03,45.824867248535156,5822700
CARR,2023-03-06,46.39060592651367,8572500
CARR,2023-03-07,45.59473419189453,7577900
CARR,2023-03-08,45.44131088256836,4278500
CARR,2023-03-09,44.2523078918457,4393800
CARR,2023-03-10,43.763275146484375,6072800
CARR,2023-03-13,42.90987777709961,5558700
CARR,2023-03-14,43.86875534057617,5854300
CARR,2023-03-15,41.529090881347656,8194600
CARR,2023-03-16,42.65097427368164,5224300
CARR,2023-03-17,41.95098876953125,8427500
CARR,2023-03-20,43.14000701904297,3888700
CARR,2023-03-21,43.34136962890625,4283200
CARR,2023-03-22,42.363304138183594,4161600
CARR,2023-03-23,42.4783821105957,4330600
CARR,2023-03-24,42.11399841308594,5157600
CARR,2023-03-27,42.4783821105957,3387200
CARR,2023-03-28,42.90987777709961,2276400
CARR,2023-03-29,43.51396560668945,3278300
CARR,2023-03-30,43.23588943481445,4046900
CARR,2023-03-31,43.86875534057617,4795800
CARR,2023-04-03,43.81121826171875,4055300
CARR,2023-04-04,41.12635803222656,7067600
CARR,2023-04-05,40.368839263916016,6323100
CARR,2023-04-06,40.081180572509766,4861900
CARR,2023-04-10,40.560611724853516,2859500
CARR,2023-04-11,41.73044967651367,10205900
CARR,2023-04-12,42.05646896362305,4310400
CARR,2023-04-13,42.28660202026367,4686900
CARR,2023-04-14,42.4783821105957,4449500
CARR,2023-04-17,42.92905044555664,3442700
CARR,2023-04-18,42.9674072265625,3688700
CARR,2023-04-19,43.13041687011719,4034700
CARR,2023-04-20,43.51396560668945,4965900
CARR,2023-04-21,43.36054992675781,4338800
CARR,2023-04-24,40.205833435058594,20848600
CARR,2023-04-25,40.57979965209961,10038400
CARR,2023-04-26,38.97846603393555,13613200
CARR,2023-04-27,39.75516128540039,9896000
CARR,2023-04-28,40.1003532409668,6033900
CARR,2023-05-01,39.477081298828125,5322500
CARR,2023-05-02,40.1003532409668,7361700
CARR,2023-05-03,39.4003791809082,6212600
CARR,2023-05-04,39.58819580078125,7327700
CARR,2023-05-05,40.82111358642578,6582200
CARR,2023-05-08,41.033016204833984,6666800
CARR,2023-05-09,41.206398010253906,5662700
CARR,2023-05-10,41.49537658691406,6609000
CARR,2023-05-11,41.25456619262695,4128800
CARR,2023-05-12,40.84037399291992,4160600
CARR,2023-05-15,41.23530197143555,4415400
CARR,2023-05-16,40.599571228027344,7685500
CARR,2023-05-17,41.32198715209961,4742900
CARR,2023-05-18,41.67837905883789,2763700
CARR,2023-05-19,41.216033935546875,4903400
CARR,2023-05-22,40.8692741394043,3979100
CARR,2023-05-23,39.98311996459961,4141400
CARR,2023-05-24,39.780845642089844,6428300
CARR,2023-05-25,39.68452072143555,5394400
CARR,2023-05-26,39.385921478271484,4815800
CARR,2023-05-30,40.21428680419922,7229600
CARR,2023-05-31,39.39556121826172,10124000
CARR,2023-06-01,39.973487854003906,3883800
CARR,2023-06-02,41.842124938964844,6509700
CARR,2023-06-05,41.61095428466797,3802200
CARR,2023-06-06,42.23704147338867,3256800
CARR,2023-06-07,43.922672271728516,7062900
CARR,2023-06-08,43.922672271728516,6124100
CARR,2023-06-09,43.63370895385742,5920200
CARR,2023-06-12,44.14421463012695,5371500
CARR,2023-06-13,45.04963684082031,4301500
CARR,2023-06-14,44.46207046508789,7078900
CARR,2023-06-15,44.82809829711914,5493500
CARR,2023-06-16,45.15559005737305,9587800
CARR,2023-06-20,45.858734130859375,6529700
CARR,2023-06-21,46.44630432128906,7084200
CARR,2023-06-22,46.2770881652832,5804200
CARR,2023-06-23,46.46080780029297,5924100
CARR,2023-06-26,47.02162551879883,5073200
CARR,2023-06-27,47.85318374633789,4387300
CARR,2023-06-28,47.68880081176758,3325600
CARR,2023-06-29,47.85318374633789,5287600
CARR,2023-06-30,48.06589889526367,4307500
CARR,2023-07-03,48.38499069213867,2039300
CARR,2023-07-05,47.611446380615234,2612200
CARR,2023-07-06,47.44706344604492,4292000
CARR,2023-07-07,47.69847106933594,2885800
CARR,2023-07-10,49.564632415771484,5221400
CARR,2023-07-11,51.24708557128906,8662600
CARR,2023-07-12,51.36311340332031,7832600
CARR,2023-07-13,51.36311340332031,4948300
CARR,2023-07-14,52.05931091308594,6196400
CARR,2023-07-17,52.755489349365234,5999900
CARR,2023-07-18,53.41300582885742,4199400
CARR,2023-07-19,53.40333557128906,6122600
CARR,2023-07-20,52.86185073852539,5500700
CARR,2023-07-21,51.97228240966797,6365400
CARR,2023-07-24,52.030296325683594,3560100
CARR,2023-07-25,52.12699508666992,3914600
CARR,2023-07-26,52.629791259765625,6769100
CARR,2023-07-27,54.87306594848633,9557000
CARR,2023-07-28,57.03898239135742,8727200
CARR,2023-07-31,57.58045196533203,6154100
CARR,2023-08-01,57.82218551635742,4086200
CARR,2023-08-02,57.029300689697266,4812000
CARR,2023-08-03,56.17841339111328,5041500
CARR,2023-08-04,55.19214630126953,7313900
CARR,2023-08-07,56.17841339111328,3583400
CARR,2023-08-08,55.49189758300781,3318600
CARR,2023-08-09,54.302574157714844,5306700
CARR,2023-08-10,53.567710876464844,3643400
CARR,2023-08-11,53.70308303833008,3291800
CARR,2023-08-14,54.16720962524414,4056800
CARR,2023-08-15,53.57738494873047,3548500
CARR,2023-08-16,52.6684684753418,4872100
CARR,2023-08-17,51.295433044433594,7003300
CARR,2023-08-18,51.62418746948242,4763800
CARR,2023-08-21,51.79823684692383,3843700
CARR,2023-08-22,52.0206298828125,3296900
CARR,2023-08-23,53.40333557128906,5731300
CARR,2023-08-24,52.14632797241211,4317900
CARR,2023-08-25,53.20028305053711,3650500
CARR,2023-08-28,53.732093811035156,2735300
CARR,2023-08-29,54.882728576660156,2976600
CARR,2023-08-30,55.288841247558594,3026800
CARR,2023-08-31,55.54990768432617,5110500
CARR,2023-09-01,56.02369689941406,2428000
CARR,2023-09-05,54.553977966308594,3240800
CARR,2023-09-06,54.53464126586914,4024500
CARR,2023-09-07,55.35652542114258,3564500
CARR,2023-09-08,56.71989440917969,7177000
CARR,2023-09-11,56.99063491821289,4608600
CARR,2023-09-12,54.70869064331055,6302400
CARR,2023-09-13,53.41300582885742,6016900
CARR,2023-09-14,52.94887161254883,5495600
CARR,2023-09-15,52.65879821777344,6098900
CARR,2023-09-18,52.59111022949219,2859200
CARR,2023-09-19,52.06897735595703,5644100
CARR,2023-09-20,52.04964065551758,2856600
CARR,2023-09-21,50.82164001464844,4185400
CARR,2023-09-22,51.12139129638672,3466100
CARR,2023-09-25,51.80791091918945,3203000
CARR,2023-09-26,50.976356506347656,7229200
CARR,2023-09-27,53.258296966552734,7201400
CARR,2023-09-28,54.089847564697266,5618900
CARR,2023-09-29,53.374332427978516,3883800
CARR,2023-10-02,52.755489349365234,3948000
CARR,2023-10-03,51.74989700317383,4471900
CARR,2023-10-04,52.8038444519043,4563300
CARR,2023-10-05,51.7402229309082,5156500
CARR,2023-10-06,52.4847526550293,5394300
CARR,2023-10-09,53.20028305053711,2259500
CARR,2023-10-10,53.5870475769043,2667000
CARR,2023-10-11,54.186546325683594,2078700
CARR,2023-10-12,52.678138732910156,4401800
CARR,2023-10-13,50.82164001464844,5447300
CARR,2023-10-16,51.392127990722656,5269100
CARR,2023-10-17,51.15039825439453,7323200
CARR,2023-10-18,48.49135208129883,5847200
CARR,2023-10-19,47.37938690185547,6619900
CARR,2023-10-20,46.68320083618164,6322100
CARR,2023-10-23,46.89591979980469,4821800
CARR,2023-10-24,46.5574951171875,5126600
CARR,2023-10-25,45.48420715332031,10203100
CARR,2023-10-26,45.04252243041992,9527500
CARR,2023-10-27,45.13959503173828,6082500
CARR,2023-10-30,45.9841423034668,5355800
CARR,2023-10-31,46.26565933227539,5035100
CARR,2023-11-01,48.20714569091797,5725500
CARR,2023-11-02,48.50807571411133,5897400
CARR,2023-11-03,49.051700592041016,4212000
CARR,2023-11-06,48.79929733276367,3496700
CARR,2023-11-07,48.974037170410156,3605500
CARR,2023-11-08,49.459407806396484,3607800
CARR,2023-11-09,48.95462417602539,3935500
CARR,2023-11-10,49.99331283569336,2578000
CARR,2023-11-13,49.44969177246094,3827200
CARR,2023-11-14,51.264991760253906,4749800
CARR,2023-11-15,50.818443298339844,5927600
CARR,2023-11-16,51.1387939453125,4172900
CARR,2023-11-17,51.662994384765625,2855400
CARR,2023-11-20,52.02217102050781,4876500
CARR,2023-11-21,51.18732833862305,3030100
CARR,2023-11-22,51.20674514770508,2217200
CARR,2023-11-24,51.43001937866211,710800
CARR,2023-11-27,50.61458969116211,2709300
CARR,2023-11-28,50.1195068359375,3067700
CARR,2023-11-29,50.68254470825195,4059200
CARR,2023-11-30,50.43986129760742,9300800
CARR,2023-12-01,51.662994384765625,3099800
CARR,2023-12-04,51.89597702026367,3591000
CARR,2023-12-05,51.03200912475586,2474700
CARR,2023-12-06,51.459136962890625,2571000
CARR,2023-12-07,51.3426513671875,2465000
CARR,2023-12-08,53.65301513671875,10424400
CARR,2023-12-11,54.31312942504883,6106200
CARR,2023-12-12,54.682010650634766,3817200
CARR,2023-12-13,54.16751480102539,5095800
CARR,2023-12-14,57.08945846557617,6488700
CARR,2023-12-15,55.65275955200195,9179500
CARR,2023-12-18,55.09942626953125,3538000
CARR,2023-12-19,55.32270431518555,3905100
CARR,2023-12-20,54.54351043701172,2351800
CARR,2023-12-21,55.4395751953125,2481700
CARR,2023-12-22,55.614898681640625,1661400
CARR,2023-12-26,55.946048736572266,2377200
CARR,2023-12-27,56.27721405029297,1741800
CARR,2023-12-28,56.14085388183594,1846900
CARR,2023-12-29,55.95579528808594,1501800
CARR,2024-01-02,54.9818115234375,2912600
CARR,2024-01-03,53.47211837768555,3247500
CARR,2024-01-04,54.03703308105469,3597800
CARR,2024-01-05,54.270790100097656,3123600
CARR,2024-01-08,54.95258331298828,2561100
CARR,2024-01-09,55.32270050048828,2591500
CARR,2024-01-10,55.556453704833984,2710500
CARR,2024-01-11,55.38113784790039,3146000
CARR,2024-01-12,54.679866790771484,2890700
CARR,2024-01-16,54.39740753173828,2844200
CARR,2024-01-17,53.627960205078125,4077400
CARR,2024-01-18,53.9591178894043,2422800
CARR,2024-01-19,54.426631927490234,4860800
CARR,2024-01-22,54.85517501831055,3123900
CARR,2024-01-23,54.45584487915039,2873600
CARR,2024-01-24,53.5402946472168,2718100
CARR,2024-01-25,54.84544372558594,3053000
CARR,2024-01-26,54.066246032714844,4136800
CARR,2024-01-29,54.84544372558594,3455300
CARR,2024-01-30,54.86492919921875,4502200
CARR,2024-01-31,53.28705596923828,4194200
CARR,2024-02-01,54.144168853759766,5211600
CARR,2024-02-02,55.303226470947266,4190800
CARR,2024-02-05,54.7967414855957,7718400
CARR,2024-02-06,52.8974609375,8843000
CARR,2024-02-07,52.42995071411133,8359000
CARR,2024-02-08,53.627960205078125,5429500
CARR,2024-02-09,54.553245544433594,5578600
CARR,2024-02-12,54.58246994018555,4302300
CARR,2024-02-13,52.56630325317383,5188700
CARR,2024-02-14,53.56951904296875,2718300
CARR,2024-02-15,54.59220504760742,2461500
CARR,2024-02-16,52.595523834228516,4416100
CARR,2024-02-20,52.040348052978516,5462700
CARR,2024-02-21,52.37150573730469,4205900
CARR,2024-02-22,52.449424743652344,4948500
CARR,2024-02-23,52.790321350097656,4767700
CARR,2024-02-26,52.595523834228516,7976100
CARR,2024-02-27,53.60847473144531,5249800
CARR,2024-02-28,53.335750579833984,3522100
CARR,2024-02-29,54.134437561035156,10538900
CARR,2024-03-01,54.99154281616211,5588800
CARR,2024-03-04,55.66360092163086,19223200
CARR,2024-03-05,55.118160247802734,7284100
CARR,2024-03-06,56.21877670288086,6712500
CARR,2024-03-07,58.00117111206055,5869100
CARR,2024-03-08,56.540191650390625,7192300
CARR,2024-03-11,55.65385055541992,3816900
CARR,2024-03-12,56.39409255981445,3577400
CARR,2024-03-13,56.355133056640625,9012000
CARR,2024-03-14,55.81943893432617,8735800
CARR,2024-03-15,55.56619644165039,5401700
CARR,2024-03-18,55.614898681640625,3141500
CARR,2024-03-19,56.959007263183594,4656900
CARR,2024-03-20,57.027183532714844,3838300
CARR,2024-03-21,58.264156341552734,5456200
CARR,2024-03-22,56.355133056640625,4895700
CARR,2024-03-25,55.877872467041016,3462600
CARR,2024-03-26,56.043453216552734,3645000
CARR,2024-03-27,56.17981719970703,2738200
CARR,2024-03-28,56.61811447143555,2819600
CARR,2024-04-01,55.90709686279297,4747700
CARR,2024-04-02,55.32270050048828,4133700
CARR,2024-04-03,55.45906066894531,3397100
CARR,2024-04-04,54.39740753173828,5987000
CARR,2024-04-05,54.9720573425293,4731000
CARR,2024-04-08,56.33565139770508,4186400
CARR,2024-04-09,56.5986328125,2954400
CARR,2024-04-10,55.41035461425781,3117200
CARR,2024-04-11,55.14738082885742,2949900
CARR,2024-04-12,55.36166000366211,5654100
CARR,2024-04-15,54.017547607421875,3424900
CARR,2024-04-16,53.335750579833984,3170100
CARR,2024-04-17,52.839027404785156,2661800
CARR,2024-04-18,51.99164962768555,3076800
CARR,2024-04-19,52.13774490356445,3576700
CARR,2024-04-22,52.22541046142578,6856000
CARR,2024-04-23,53.70587158203125,6389200
CARR,2024-04-24,53.34550094604492,5190300
CARR,2024-04-25,58.25442123413086,10169100
CARR,2024-04-26,58.92646789550781,6684200
CARR,2024-04-29,61.078983306884766,9085500
CARR,2024-04-30,59.890724182128906,8036000
CARR,2024-05-01,59.530338287353516,4239400
CARR,2024-05-02,59.54010772705078,3608300
CARR,2024-05-03,60.663692474365234,3622800
CARR,2024-05-06,62.588436126708984,4583900
CARR,2024-05-07,62.783851623535156,4667500
CARR,2024-05-08,62.83268737792969,2296700
CARR,2024-05-09,63.74134063720703,2662800
CARR,2024-05-10,63.99536895751953,2762700
CARR,2024-05-13,62.85224151611328,3664100
CARR,2024-05-14,63.4677619934082,4128300
CARR,2024-05-15,64.28846740722656,4180000
CARR,2024-05-16,63.5068473815918,4142400
CARR,2024-05-17,63.7315673828125,2405800
CARR,2024-05-20,64.4643325805664,3154100
CARR,2024-05-21,64.6988296508789,4427800
CARR,2024-05-22,63.848812103271484,3669900
CARR,2024-05-23,62.87177658081055,2769700
CARR,2024-05-24,64.14191436767578,2161600
CARR,2024-05-28,63.184425354003906,3267700
CARR,2024-05-29,61.62118148803711,3559000
CARR,2024-05-30,61.88498306274414,2601000
CARR,2024-05-31,61.73842239379883,6950500
CARR,2024-06-03,60.56599426269531,4750300
CARR,2024-06-04,59.86252975463867,2784800
CARR,2024-06-05,61.71887969970703,3198200
CARR,2024-06-06,61.044734954833984,2174200
CARR,2024-06-07,61.269447326660156,2323400
CARR,2024-06-10,61.10335922241211,2486400
CARR,2024-06-11,60.57575988769531,3712700
CARR,2024-06-12,62.90108108520508,3851600
CARR,2024-06-13,62.52004623413086,2374000
CARR,2024-06-14,62.87177658081055,4396200
CARR,2024-06-17,63.624088287353516,5551900
CARR,2024-06-18,64.21031188964844,3335900
CARR,2024-06-20,62.7447624206543,4508600
CARR,2024-06-21,61.61784744262695,6381300
CARR,2024-06-24,63.33271408081055,3802600
CARR,2024-06-25,62.64677429199219,3073600
CARR,2024-06-26,61.59824752807617,3312100
CARR,2024-06-27,61.9608268737793,3027400
CARR,2024-06-28,61.81383514404297,17783800
CARR,2024-07-01,60.65752029418945,2847400
CARR,2024-07-02,61.56885528564453,3241800
CARR,2024-07-03,62.18620300292969,1564600
CARR,2024-07-05,61.97062683105469,1994900
CARR,2024-07-08,61.862831115722656,2123800
CARR,2024-07-09,61.039695739746094,2658500
CARR,2024-07-10,62.323394775390625,2560900
CARR,2024-07-11,65.07699584960938,4800300
CARR,2024-07-12,64.67522430419922,3043700
CARR,2024-07-15,66.00792694091797,3941700
CARR,2024-07-16,68.47734069824219,4893700
CARR,2024-07-17,66.22351837158203,5157600
CARR,2024-07-18,65.70414733886719,3961100
CARR,2024-07-19,64.91041564941406,2822400
CARR,2024-07-22,66.63507080078125,2999700
CARR,2024-07-23,66.899658203125,4602700
CARR,2024-07-24,64.6654281616211,4618200
CARR,2024-07-25,63.528709411621094,7590000
CARR,2024-07-26,65.42976379394531,4351500
CARR,2024-07-29,66.26270294189453,3624600
CARR,2024-07-30,66.0765151977539,2606900
CARR,2024-07-31,66.74286651611328,3509500
CARR,2024-08-01,64.73401641845703,3211800
CARR,2024-08-02,62.70556640625,3556900
CARR,2024-08-05,62.27439880371094,5120900
CARR,2024-08-06,62.85255813598633,3673100
CARR,2024-08-07,61.84323501586914,3040900
CARR,2024-08-08,63.18573760986328,2820300
CARR,2024-08-09,63.087738037109375,2339900
CARR,2024-08-12,62.99954605102539,1997000
CARR,2024-08-13,64.15586853027344,2180800
CARR,2024-08-14,64.36164855957031,3502500
CARR,2024-08-15,67.02705383300781,5329300
CARR,2024-08-16,66.02751922607422,3675700
CARR,2024-08-19,67.2622299194336,2627000
CARR,2024-08-20,67.183837890625,2136500
CARR,2024-08-21,68.26175689697266,2671300
CARR,2024-08-22,68.18335723876953,1970700
CARR,2024-08-23,69.81983947753906,2509500
CARR,2024-08-26,70.26079559326172,3804300
CARR,2024-08-27,70.31961059570312,1997100
CARR,2024-08-28,69.68264770507812,2228200
CARR,2024-08-29,69.66304779052734,2672000
CARR,2024-08-30,71.31913757324219,3251000
CARR,2024-09-03,68.65372467041016,2988800
CARR,2024-09-04,67.72278594970703,3004400
CARR,2024-09-05,67.65420532226562,2535800
CARR,2024-09-06,68.08536529541016,4182600
CARR,2024-09-09,69.31028747558594,2910300
CARR,2024-09-10,70.38819122314453,3076600
CARR,2024-09-11,72.1912612915039,5269100
CARR,2024-09-12,73.85714721679688,4624100
CARR,2024-09-13,74.9742660522461,5091700
CARR,2024-09-16,75.56221771240234,3970500
CARR,2024-09-17,76.39515686035156,3517100
CARR,2024-09-18,76.62054443359375,4182300
CARR,2024-09-19,78.95276641845703,4061700
CARR,2024-09-20,78.31581115722656,5257800
CARR,2024-09-23,79.25654602050781,3580100
CARR,2024-09-24,78.79598236083984,3520400
CARR,2024-09-25,78.07083129882812,3589200
CARR,2024-09-26,78.17861938476562,3123700
CARR,2024-09-27,78.90376281738281,2822900
CARR,2024-09-30,78.8743667602539,4659500
CARR,2024-10-01,77.75726318359375,3991400
CARR,2024-10-02,78.92337036132812,3877600
CARR,2024-10-03,78.44320678710938,3427800
CARR,2024-10-04,79.17815399169922,2538600
CARR,2024-10-07,78.80577087402344,2856600
CARR,2024-10-08,79.21733856201172,2145500
CARR,2024-10-09,80.43245697021484,3955000
CARR,2024-10-10,78.8155746459961,2958000
CARR,2024-10-11,79.97189331054688,3324400
CARR,2024-10-14,81.01060485839844,2670100
CARR,2024-10-15,79.97189331054688,2922700
CARR,2024-10-16,79.42314147949219,3326300
CARR,2024-10-17,79.80530548095703,2538600
CARR,2024-10-18,79.91310119628906,2307000
CARR,2024-10-21,79.74650573730469,2364500
CARR,2024-10-22,78.54119110107422,3426100
CARR,2024-10-23,78.34520721435547,4213200
CARR,2024-10-24,71.43672943115234,10410100
CARR,2024-10-25,72.42903900146484,5301600
CARR,2024-10-28,74.33506774902344,4732000
CARR,2024-10-29,73.29362487792969,3798200
CARR,2024-10-30,72.31112670898438,4332100
CARR,2024-10-31,71.44654846191406,3815700
CARR,2024-11-01,71.3188247680664,3524900
CARR,2024-11-04,71.13214874267578,3104600
CARR,2024-11-05,72.60588073730469,3475000
CARR,2024-11-06,74.05996704101562,7187900
CARR,2024-11-07,73.8143539428711,4133000
CARR,2024-11-08,75.33720397949219,3403900
CARR,2024-11-11,74.95403289794922,3256600
CARR,2024-11-12,74.11891174316406,4501000
CARR,2024-11-13,75.06210327148438,7806400
CARR,2024-11-14,73.65715026855469,4786000
CARR,2024-11-15,73.22484588623047,4600500
CARR,2024-11-18,72.75325775146484,4798500
CARR,2024-11-19,73.02835083007812,6252900
CARR,2024-11-20,73.19538116455078,4662000
CARR,2024-11-21,74.67893981933594,9423300
CARR,2024-11-22,75.65160369873047,4481300
CARR,2024-11-25,77.48885345458984,7261200
CARR,2024-11-26,75.5926513671875,5718600
CARR,2024-11-27,75.55335998535156,4565600
CARR,2024-11-29,76.01512145996094,2001700
CARR,2024-12-02,74.95403289794922,3486700
CARR,2024-12-03,74.2564697265625,2789300
CARR,2024-12-04,74.05996704101562,2771600
CARR,2024-12-05,72.69430541992188,3246400
CARR,2024-12-06,72.3799057006836,3926800
CARR,2024-12-09,71.91813659667969,3768900
CARR,2024-12-10,71.53497314453125,4644300
CARR,2024-12-11,72.40938568115234,3394800
CARR,2024-12-12,72.252197265625,3637300
CARR,2024-12-13,71.73147583007812,2927700
CARR,2024-12-16,70.33633422851562,6439000
CARR,2024-12-17,69.04927825927734,10450600
CARR,2024-12-18,65.85618591308594,6924000
CARR,2024-12-19,65.52214050292969,6533400
CARR,2024-12-20,67.51841735839844,11226900
CARR,2024-12-23,67.81416320800781,4040800
CARR,2024-12-24,68.46479797363281,1543400
CARR,2024-12-26,68.65210723876953,3398200
CARR,2024-12-27,67.92259979248047,2812200
CARR,2024-12-30,67.2621078491211,2634400
CARR,2024-12-31,67.29168701171875,2905400
CARR,2025-01-02,67.3606948852539,3680600
CARR,2025-01-03,68.27749633789062,3197700
CARR,2025-01-06,67.73529052734375,3532900
CARR,2025-01-07,67.24238586425781,4743200
CARR,2025-01-08,67.4789810180664,3798900
CARR,2025-01-10,65.5665054321289,6006500
CARR,2025-01-13,66.15799713134766,5862000
CARR,2025-01-14,67.42969512939453,3409700
CARR,2025-01-15,67.82402038574219,4877600
CARR,2025-01-16,68.75067901611328,4205400
CARR,2025-01-17,68.67182159423828,4601400
CARR,2025-01-21,69.54920196533203,7455700
CARR,2025-01-22,69.03657531738281,5531200
CARR,2025-01-23,68.8886947631836,7828100
CARR,2025-01-24,69.12530517578125,5117800
CARR,2025-01-27,66.47344970703125,7166400
CARR,2025-01-28,66.34529876708984,7965300
CARR,2025-01-29,63.880760192871094,10172900
CARR,2025-01-30,65.03417205810547,5868900
CARR,2025-01-31,64.45252990722656,4966600
CARR,2025-02-03,62.254173278808594,9035700
CARR,2025-02-04,62.973812103271484,4740400
CARR,2025-02-05,63.6441650390625,4799500
CARR,2025-02-06,64.28494262695312,4182400
CARR,2025-02-07,63.25969696044922,7046600
CARR,2025-02-10,65.29048156738281,8101000
CARR,2025-02-11,64.23565673828125,9231900
CARR,2025-02-12,62.697784423828125,6518900
CARR,2025-02-13,62.766788482666016,6718300
CARR,2025-02-14,64.2060775756836,6754500
CARR,2025-02-18,65.6453628540039,7756200
CARR,2025-02-19,65.04402923583984,5168300
CARR,2025-02-20,66.15799713134766,5989100
CARR,2025-02-21,65.19190216064453,8044600
CARR,2025-02-24,65.6059341430664,9057200
CARR,2025-02-25,66.24671173095703,6459800
CARR,2025-02-26,65.16231536865234,4150500
CARR,2025-02-27,63.17097854614258,4530300
CARR,2025-02-28,63.880760192871094,6831900
CARR,2025-03-03,62.362606048583984,4146200
CARR,2025-03-04,61.189491271972656,5616900
CARR,2025-03-05,63.949771881103516,6529000
CARR,2025-03-06,64.44268035888672,4707600
CARR,2025-03-07,66.43401336669922,7017300
CARR,2025-03-10,66.09884643554688,6694400
CARR,2025-03-11,64.71871185302734,6152700
CARR,2025-03-12,64.50182342529297,3897900
CARR,2025-03-13,63.33856964111328,6151100
CARR,2025-03-14,65.58621978759766,4181800
CARR,2025-03-17,66.67061614990234,3886300
CARR,2025-03-18,66.34529876708984,3097100
CARR,2025-03-19,66.71990966796875,4408200
CARR,2025-03-20,65.48764038085938,4354600
CARR,2025-03-21,65.23133850097656,11049700
CARR,2025-03-24,66.99593353271484,4104200
CARR,2025-03-25,67.14381408691406,4016000
CARR,2025-03-26,66.01998138427734,3790500
CARR,2025-03-27,64.73841857910156,3837900
CARR,2025-03-28,62.431617736816406,4139200
CARR,2025-03-31,62.50062561035156,4839600
CARR,2025-04-01,62.638641357421875,4176400
CARR,2025-04-02,64.11736297607422,3159800
CARR,2025-04-03,59.858642578125,5760500
CARR,2025-04-04,56.368858337402344,6934400
CARR,2025-04-07,56.023826599121094,6336500
CARR,2025-04-08,54.76197814941406,6109600
CARR,2025-04-09,59.90793228149414,8776000
CARR,2025-04-10,58.21233367919922,7081300
CARR,2025-04-11,58.41934585571289,7161200
CARR,2025-04-14,59.73048782348633,5391500
CARR,2025-04-15,59.612186431884766,4390700
CARR,2025-04-16,58.350341796875,3909500
CARR,2025-04-17,59.05027770996094,3714300
CARR,2025-04-21,57.354671478271484,4607600
CARR,2025-04-22,58.626373291015625,3411500
CARR,2025-04-23,57.76871109008789,7743400
CARR,2025-04-24,59.4544563293457,4665900
CARR,2025-04-25,59.208003997802734,3869000
CARR,2025-04-28,59.63190460205078,4197200
CARR,2025-04-29,59.95722198486328,4881700
CARR,2025-04-30,61.65282440185547,8626200
CARR,2025-05-01,68.8098373413086,10603900
CARR,2025-05-02,70.74332427978516,6134500
CARR,2025-05-05,70.03125,5563200
CARR,2025-05-06,69.41807556152344,5031400
CARR,2025-05-07,69.22026824951172,5762100
CARR,2025-05-08,69.72466278076172,5140000
CARR,2025-05-09,70.65432739257812,5539900
CARR,2025-05-12,72.63233184814453,5802000
CARR,2025-05-13,73.82901763916016,10638400
CARR,2025-05-14,72.55321502685547,5086800
CARR,2025-05-15,72.67189025878906,3782500
CARR,2025-05-16,74.7883529663086,7296500
CARR,2025-05-19,74.99604797363281,6554500
CARR,2025-05-20,74.12571716308594,5093200
CARR,2025-05-21,71.29716491699219,5182000
CARR,2025-05-22,70.9806900024414,4882900
CARR,2025-05-23,70.19938659667969,4450700
CARR,2025-05-27,71.53453826904297,3453400
CARR,2025-05-28,70.25872039794922,3829800
CARR,2025-05-29,70.6246566772461,2998100
CARR,2025-05-30,70.41695404052734,6337900
CARR,2025-06-02,69.56641387939453,3564600
CARR,2025-06-03,70.0213623046875,3328900
CARR,2025-06-04,70.60487365722656,3280700
CARR,2025-06-05,70.6147689819336,3995900
CARR,2025-06-06,70.25872039794922,4754900
CARR,2025-06-09,70.86200714111328,3608500
CARR,2025-06-10,70.9609146118164,4815500
CARR,2025-06-11,71.68289184570312,6236200
CARR,2025-06-12,71.68289184570312,4131200
CARR,2025-06-13,70.4565200805664,3559100
CARR,2025-06-16,70.25872039794922,4711500
CARR,2025-06-17,69.0125732421875,5685100
CARR,2025-06-18,69.09170532226562,4073100
CARR,2025-06-20,69.69499206542969,10629700
CARR,2025-06-23,70.99058532714844,3283000
CARR,2025-06-24,71.6631088256836,3664500
CARR,2025-06-25,71.63343811035156,3344200
CARR,2025-06-26,71.79167175292969,3939900
CARR,2025-06-27,72.85979461669922,6162900
CARR,2025-06-30,72.38507843017578,4623500
CARR,2025-07-01,73.48287963867188,5148100
CARR,2025-07-02,74.43231201171875,3606600
CARR,2025-07-03,74.81802368164062,1423400
CARR,2025-07-07,73.81912994384766,2857500
CARR,2025-07-08,74.07627868652344,4506600
CARR,2025-07-09,75.05538177490234,4119300
CARR,2025-07-10,75.92570495605469,3461600
CARR,2025-07-11,75.77735900878906,3805100
CARR,2025-07-14,75.76746368408203,2566400
CARR,2025-07-15,74.55098724365234,3194900
CARR,2025-07-16,74.60043334960938,4424900
CARR,2025-07-17,76.08394622802734,2778000
CARR,2025-07-18,75.78723907470703,5031700
CARR,2025-07-21,75.35575866699219,4393400
CARR,2025-07-22,75.80211639404297,3395300
CARR,2025-07-23,78.9663314819336,6914600
CARR,2025-07-24,78.7977066040039,3574500
CARR,2025-07-25,80.07727813720703,3401200
CARR,2025-07-28,79.53172302246094,7126100
CARR,2025-07-29,71.09052276611328,13098800
CARR,2025-07-30,67.64857482910156,10081700
CARR,2025-07-31,68.065185546875,7641100
CARR,2025-08-01,66.3789291381836,5451600
CARR,2025-08-04,66.00200653076172,4833800
CARR,2025-08-05,65.84329223632812,3658900
CARR,2025-08-06,65.57548522949219,3578900
CARR,2025-08-07,65.8234634399414,4024700
CARR,2025-08-08,65.49613189697266,3321200
CARR,2025-08-11,64.35542297363281,5173000
CARR,2025-08-12,65.19855499267578,2989300
CARR,2025-08-13,66.50788879394531,3761200
CARR,2025-08-14,65.22830963134766,3743200
CARR,2025-08-15,64.87122344970703,2968200
CARR,2025-08-18,65.95240783691406,3660500
CARR,2025-08-19,66.4384536743164,6606600
CARR,2025-08-20,66.29957580566406,5520200
CARR,2025-08-21,64.484375,10279800
CARR,2025-08-22,67.20221710205078,5535000
CARR,2025-08-25,65.46636962890625,4921300
CARR,2025-08-26,65.94249725341797,5909300
CARR,2025-08-27,67.04351806640625,7197500
CARR,2025-08-28,65.63500213623047,3615200
CARR,2025-08-29,64.67284393310547,6863600
CARR,2025-09-02,62.9865837097168,6414700
CARR,2025-09-03,61.96491241455078,6925600
CARR,2025-09-04,63.02626419067383,4471300
CARR,2025-09-05,64.98033905029297,5021900
CARR,2025-09-08,65.07952880859375,5761700
CARR,2025-09-09,62.95682907104492,5695200
CARR,2025-09-10,61.99467086791992,13960300
CARR,2025-09-11,61.796287536621094,7588500
CARR,2025-09-12,61.17137908935547,5224900
CARR,2025-09-15,60.74485778808594,6925600
CARR,2025-09-16,60.4373664855957,5181000
CARR,2025-09-17,60.22906494140625,7077800
CARR,2025-09-18,60.605987548828125,4700800
CARR,2025-09-19,59.901729583740234,5733500
CARR,2025-09-22,59.8223762512207,4220000
CARR,2025-09-23,59.256988525390625,5200200
CARR,2025-09-24,58.51305389404297,4148000
CARR,2025-09-25,58.27499008178711,4821200
CARR,2025-09-26,58.364261627197266,6079400
CARR,2025-09-29,58.65191650390625,4745100
CARR,2025-09-30,59.21731185913086,6126800
CARR,2025-10-01,58.979248046875,3592600
CARR,2025-10-02,58.42377853393555,3830100
CARR,2025-10-03,59.1677131652832,5611200
CARR,2025-10-06,59.326419830322266,5103500
CARR,2025-10-07,58.701515197753906,5700500
CARR,2025-10-08,59.316497802734375,8457300
CARR,2025-10-09,57.63024139404297,6201100
CARR,2025-10-10,56.20188522338867,5625800
CARR,2025-10-13,56.410186767578125,3240900
CARR,2025-10-14,57.03509521484375,6553500
CARR,2025-10-15,56.747440338134766,7907900
CARR,2025-10-16,56.291160583496094,7265600
CARR,2025-10-17,55.74560546875,6011900
CARR,2025-10-20,57.20372009277344,7440800
CARR,2025-10-21,59.33633804321289,5984500
CARR,2025-10-22,56.28124237060547,10575300
CARR,2025-10-23,56.658164978027344,3932400
CARR,2025-10-24,57.372344970703125,4292700
CARR,2025-10-27,57.81871032714844,6363700
CARR,2025-10-28,58.265071868896484,9614600
CARR,2025-10-29,60.49052429199219,13232900
CARR,2025-10-30,58.598636627197266,10231800
CARR,2025-10-31,59.23590850830078,5294800
CARR,2025-11-03,57.61286926269531,4744500
CARR,2025-11-04,57.30419158935547,5135400
CARR,2025-11-05,56.607181549072266,6333200
CARR,2025-11-06,56.32837677001953,5344400
CARR,2025-11-07,57.26436233520508,5669400
CARR,2025-11-10,57.08513259887695,4054700
CARR,2025-11-11,56.72666931152344,3955100
CARR,2025-11-12,55.750858306884766,7253700
CARR,2025-11-13,54.924400329589844,5356900
CARR,2025-11-14,53.868927001953125,6034900
CARR,2025-11-17,52.903072357177734,5766600
CARR,2025-11-18,51.7878532409668,6507000
CARR,2025-11-19,51.03110122680664,6655600
CARR,2025-11-20,50.144901275634766,6400900
CARR,2025-11-21,52.1861457824707,12733000
CARR,2025-11-24,51.52896499633789,9383900
CARR,2025-11-25,53.71957015991211,11511500
CARR,2025-11-26,54.1278190612793,6536600
CARR,2025-11-28,54.64559555053711,2897200
CARR,2025-12-01,54.018287658691406,6689200
CARR,2025-12-02,53.59012222290039,3768800
CARR,2025-12-03,54.3867073059082,9752500
CARR,2025-12-04,54.26721954345703,12206300
CARR,2025-12-05,54.0581169128418,9063800
CARR,2025-12-08,52.803497314453125,13159200
CARR,2025-12-09,52.61431121826172,12466900
CARR,2025-12-10,53.17192077636719,16529100
CARR,2025-12-11,53.91871643066406,6583800
CARR,2025-12-12,52.71388244628906,6481000
CARR,2025-12-15,52.35542297363281,7322300
CARR,2025-12-16,53.21174621582031,8125700
CARR,2025-12-17,52.17618942260742,9700300
CARR,2025-12-18,52.97277069091797,8212600
CARR,2025-12-19,53.54033660888672,12875300
CARR,2025-12-22,52.97277069091797,5929900
CARR,2025-12-23,53.11217498779297,4527900
CARR,2025-12-24,53.27149200439453,1663200
CARR,2025-12-26,53.361106872558594,2101500
CARR,2025-12-29,53.381019592285156,3640300
CARR,2025-12-30,53.20178985595703,3498000
CARR,2025-12-31,52.61431121826172,3218700
CARR,2026-01-02,53.291404724121094,3555000
CARR,2026-01-05,53.56025314331055,4295800
CARR,2026-01-06,53.27149200439453,8715500
CARR,2026-01-07,52.345462799072266,8282200
CARR,2026-01-08,53.62995147705078,5410700
CARR,2026-01-09,56.009742736816406,8947300
CARR,2026-01-12,55.143463134765625,10882700
CARR,2026-01-13,54.974185943603516,5450900
CARR,2026-01-14,55.362518310546875,4810700
CARR,2026-01-15,55.3127326965332,4935200
CARR,2026-01-16,55.95000076293945,8978700
CARR,2026-01-20,55.209999084472656,7741700
CARR,2026-01-21,57.7400016784668,11325000
CARR,2026-01-22,57.439998626708984,9094200
CARR,2026-01-23,57.29999923706055,8858900
CARR,2026-01-26,57.369998931884766,6775200
CARR,2026-01-27,57.06999969482422,6098672
